"regime","log_floor","enumerated_objective","factorized_objective","absolute_difference","enumerated_ms","factorized_ms","r_version","platform"
"positive",0,0.120284298967527,0.120284298967527,0,0.32,0,"4.5.1","aarch64-apple-darwin20"
"positive",1e-18,0.120284298967527,0.120284298967527,1.38777878078145e-17,0.16,0.04,"4.5.1","aarch64-apple-darwin20"
"positive",1e-15,0.120284298967527,0.120284298967527,0,0.159999999999999,0.04,"4.5.1","aarch64-apple-darwin20"
"positive",1e-12,0.120284298966922,0.120284298966922,2.77555756156289e-17,0.12,0,"4.5.1","aarch64-apple-darwin20"
"near_zero",0,5.63797460860698,5.63797460860698,0,0.279999999999998,0,"4.5.1","aarch64-apple-darwin20"
"near_zero",1e-18,5.63640046626601,5.63640046626601,0,0.16,0.04,"4.5.1","aarch64-apple-darwin20"
"near_zero",1e-15,5.25862757645028,5.25862757645028,8.88178419700125e-16,0.12,0.04,"4.5.1","aarch64-apple-darwin20"
"near_zero",1e-12,4.18088294255148,4.18088294255148,1.77635683940025e-15,0.12,0.04,"4.5.1","aarch64-apple-darwin20"
"zero_diagonal_distance",0,Inf,Inf,,0.32,0.32,"4.5.1","aarch64-apple-darwin20"
"zero_diagonal_distance",1e-18,19.7799479603277,19.7799479603277,3.5527136788005e-15,0.16,0.04,"4.5.1","aarch64-apple-darwin20"
"zero_diagonal_distance",1e-15,16.6341562062793,16.6341562062793,3.5527136788005e-15,0.16,0.04,"4.5.1","aarch64-apple-darwin20"
"zero_diagonal_distance",1e-12,13.4883644522311,13.4883644522311,0,0.16,0.04,"4.5.1","aarch64-apple-darwin20"
