"case_id","seed_offset","ns","nt","source_rank","target_rank","feature_rank","block_size","zero_weight","near_zero_weight","epsilon","rho_source","rho_target","feature_weight","structure_weight","seed","profile","dense_status","implicit_status","dense_converged","implicit_converged","inner_certified","outer_certified","objective_relative_error","component_relative_error","direct_oracle_relative_error","action_relative_error","adjoint_relative_error","mass_relative_error","moment_relative_error","dense_seconds","implicit_seconds","pass","reject_reason"
"mfugw-01",11,4,5,1,2,1,1,FALSE,FALSE,0.5,2,5,0.2,1.3,20260838,"full","converged","converged_uncertified_geometry",TRUE,TRUE,TRUE,TRUE,2.23253806641442e-14,2.51423167560981e-10,2.09436073387704e-12,5.87541228261607e-13,7.09365981941155e-13,5.87437203794244e-13,7.45776094586465e-13,0.032,0.418,TRUE,""
"mfugw-02",23,5,4,3,1,2,2,TRUE,FALSE,0.35,4,2,0.7,0.8,20260850,"full","converged","converged_uncertified_geometry",TRUE,TRUE,TRUE,TRUE,2.90683169525518e-15,2.75070074081619e-10,3.54881970465737e-13,2.48234605630003e-12,2.48420034219859e-12,2.48357409543721e-12,2.46707082303737e-12,0.0569999999999999,0.216,TRUE,""
"mfugw-03",37,8,11,2,4,3,3,FALSE,TRUE,0.25,3,8,0.4,1.1,20260864,"full","converged","converged_uncertified_geometry",TRUE,TRUE,TRUE,TRUE,2.53463489231106e-12,3.05990939947629e-10,NA,2.16533555400612e-11,5.57381097755789e-11,9.68466401436408e-13,3.1234369990145e-12,0.00900000000000034,0.0129999999999999,TRUE,""
"mfugw-04",41,11,8,4,2,4,5,TRUE,FALSE,0.4,7,3,0.9,0.7,20260868,"full","converged","converged_uncertified_geometry",TRUE,TRUE,TRUE,TRUE,3.59742648296407e-15,3.88282644257226e-10,NA,4.066271351086e-12,3.14420060307254e-12,3.05223162172684e-12,3.04316402609443e-12,0.00099999999999989,0.012,TRUE,""
"mfugw-05",59,16,19,3,5,2,7,FALSE,FALSE,0.2,5,9,0.3,1.4,20260886,"full","converged","converged_uncertified_geometry",TRUE,TRUE,TRUE,TRUE,2.34151895506436e-12,4.87321044911965e-11,NA,8.43668319245222e-12,2.5138036571255e-11,1.65255846968177e-12,2.1716141839522e-12,0.00599999999999978,0.012,TRUE,""
"mfugw-06",61,19,16,5,3,5,8,TRUE,FALSE,0.3,9,4,0.8,0.9,20260888,"full","converged","converged_uncertified_geometry",TRUE,TRUE,TRUE,TRUE,9.14127276461383e-15,4.55951202271633e-10,NA,2.52092882795475e-12,2.61132741193702e-12,2.52287374072347e-12,2.52184700769535e-12,0.004,0.0140000000000002,TRUE,""
"mfugw-07",73,32,37,4,6,3,13,FALSE,TRUE,0.18,6,12,0.5,1.2,20260900,"full","converged","converged_uncertified_geometry",TRUE,TRUE,TRUE,TRUE,1.26885819751515e-12,1.05084724722746e-10,NA,1.32960202924648e-11,8.55460091767029e-12,1.69881543633564e-12,2.4399289770602e-12,0.0219999999999998,0.0209999999999999,TRUE,""
"mfugw-08",89,37,32,6,4,6,16,TRUE,FALSE,0.27,11,5,0.65,0.85,20260916,"full","converged","converged_uncertified_geometry",TRUE,TRUE,TRUE,TRUE,1.09818344338372e-14,6.34335430539292e-10,NA,3.06228675516873e-12,3.08136988892324e-12,3.04812328096548e-12,3.04912731088638e-12,0.0409999999999999,0.0310000000000001,TRUE,""
"mfugw-09",97,64,71,5,7,4,24,FALSE,FALSE,0.16,8,13,0.35,1.35,20260924,"full","converged","converged_uncertified_geometry",TRUE,TRUE,TRUE,TRUE,1.18096185966113e-12,1.25011391302425e-10,NA,6.52378635346946e-12,1.42466805233626e-11,1.92521397411418e-12,2.16065208685797e-12,0.0190000000000001,0.0369999999999999,TRUE,""
"mfugw-10",101,71,64,7,5,7,32,TRUE,FALSE,0.24,12,6,0.75,0.95,20260928,"full","converged","converged_uncertified_geometry",TRUE,TRUE,TRUE,TRUE,3.27877571815332e-14,4.77228310608449e-10,NA,2.97742745809881e-12,2.98696417678023e-12,2.97899791570132e-12,2.98165956286149e-12,0.0139999999999998,0.0310000000000001,TRUE,""
"mfugw-11",113,128,127,6,8,5,48,FALSE,TRUE,0.14,10,15,0.45,1.15,20260940,"full","converged","converged_uncertified_geometry",TRUE,TRUE,TRUE,TRUE,6.81397378228641e-13,2.50185460454684e-10,NA,8.52999719535314e-12,2.29930443873353e-11,2.1460173592339e-12,2.53545444909693e-12,0.0579999999999998,0.0690000000000004,TRUE,""
"mfugw-12",127,127,128,8,6,8,64,TRUE,FALSE,0.2,14,7,0.6,1.05,20260954,"full","converged","converged_uncertified_geometry",TRUE,TRUE,TRUE,TRUE,2.50319286839483e-14,4.33563190901098e-10,NA,2.84763589879259e-12,2.86179880166798e-12,2.86296315449919e-12,2.86233872097528e-12,0.0389999999999997,0.119,TRUE,""
