"method","solver_success","status","failure_reason","transported_mass","recovered_overlap_mass","recovered_overlap_fraction","discarded_source_mass","discarded_target_mass","false_occluded_source_mass","false_occluded_mass_fraction","weighted_endpoint_error","heldout_rmse","heldout_correlation","local_distortion","coupling_l1_discrepancy","geometry_relative_error","seed","overlap_percent","mask_kind","feature_noise_sd","n_source","n_target","unequal_weights","validation_materialization","evaluation_split","requested_case_count","paired_success_count","paired_complete","unbalanced_median_false_mass","balanced_median_false_mass","endpoint_error_ratio","unbalanced_median_recovered_overlap_fraction","false_mass_gate","endpoint_gate","recovered_mass_gate","suite_gate","protocol_schema_version","protocol_status"
"unbalanced_fugw",TRUE,"converged_stationary","",0.911217043643697,0.911217043643697,0.911217043643696,0.0887829563563038,0.088782956356303,0,0,0.0252699952970969,0.0929922682586254,0.989734033226061,0.0469913437075706,4.67210832540621e-09,0,4101,100,"none",0.02,100,100,TRUE,FALSE,"frozen_evaluation",NA,NA,NA,NA,NA,NA,NA,NA,NA,NA,TRUE,2,"frozen_before_evaluation"
"balanced_fgw",TRUE,"converged","",1,1,1,0,0,0,0,0.0257245441272782,0.0888300888581023,0.990165533924752,0.0424530207498121,0,0,4101,100,"none",0.02,100,100,TRUE,TRUE,"frozen_evaluation",NA,NA,NA,NA,NA,NA,NA,NA,NA,NA,TRUE,2,"frozen_before_evaluation"
"unbalanced_fugw",TRUE,"converged_stationary","",0.881355111010531,0.723836502086553,0.98885096129442,0.11864488898947,0.118644888989469,0.157518608923978,0.178723203571569,0.0465220296890647,0.158192975294741,0.962526194058742,0.0819404736217756,2.21142979347346e-09,0,4101,80,"crop",0.02,100,80,TRUE,FALSE,"frozen_evaluation",5,5,TRUE,0.157518608923978,0.268002428506063,0.445305721410832,0.98885096129442,TRUE,TRUE,TRUE,TRUE,2,"frozen_before_evaluation"
"balanced_fgw",TRUE,"converged","",0.999999999999999,0.731997571459143,1.00000000016026,1.11022302462516e-15,6.66133814775094e-16,0.268002428540857,0.268002428540857,0.1032160615375,0.297034462293573,0.864923491285695,0.146245732087975,0,0,4101,80,"crop",0.02,100,80,TRUE,TRUE,"frozen_evaluation",5,5,TRUE,0.157518608923978,0.268002428506063,0.445305721410832,0.98885096129442,TRUE,TRUE,TRUE,TRUE,2,"frozen_before_evaluation"
"unbalanced_fugw",TRUE,"converged_stationary","",0.891350017789105,0.615691639610819,0.979219595340336,0.108649982210896,0.108649982210895,0.275658378178285,0.309259407277542,0.0323604965686922,0.107495163457566,0.984556860194828,0.0523519911141272,1.02190112578269e-09,0,4101,60,"lesion",0.02,100,60,TRUE,FALSE,"frozen_evaluation",5,5,TRUE,0.274524547859852,0.371242525468311,0.554423761645932,0.980101535953021,TRUE,TRUE,TRUE,TRUE,2,"frozen_before_evaluation"
"balanced_fgw",TRUE,"converged","",1,0.628757474533967,1.00000000027537,0,0,0.371242525466033,0.371242525466033,0.0583205103672604,0.172532006458452,0.957444232611914,0.098537717462045,0,0,4101,60,"lesion",0.02,100,60,TRUE,TRUE,"frozen_evaluation",5,5,TRUE,0.274524547859852,0.371242525468311,0.554423761645932,0.980101535953021,TRUE,TRUE,TRUE,TRUE,2,"frozen_before_evaluation"
"unbalanced_fugw",TRUE,"converged_stationary","",0.778916825238157,0.38817280038964,1.24451418589724,0.221083174761844,0.221083174761843,0.390744024848517,0.501650512850387,0.0692164529113566,0.195520218597982,0.943095590885951,0.127296594530502,3.3626651279993e-09,0,4101,40,"crop_plus_lesion",0.02,100,40,TRUE,FALSE,"frozen_evaluation",5,5,TRUE,0.384960419547516,0.688092908357528,0.38229692682268,1.25277648915552,TRUE,TRUE,TRUE,TRUE,2,"frozen_before_evaluation"
"balanced_fgw",TRUE,"converged","",1,0.31190709166151,0.999999999652373,6.66133814775094e-16,2.22044604925031e-16,0.68809290833849,0.68809290833849,0.179109839705201,0.385320724376512,0.764927205705735,0.364334742147815,0,0,4101,40,"crop_plus_lesion",0.02,100,40,TRUE,TRUE,"frozen_evaluation",5,5,TRUE,0.384960419547516,0.688092908357528,0.38229692682268,1.25277648915552,TRUE,TRUE,TRUE,TRUE,2,"frozen_before_evaluation"
"unbalanced_fugw",TRUE,"converged_stationary","",0.91094947480995,0.91094947480995,0.91094947480995,0.08905052519005,0.08905052519005,0,0,0.0246588129870086,0.0929202165212511,0.989761520278769,0.046643350949496,5.89804565775129e-09,0,4102,100,"none",0.02,100,100,TRUE,FALSE,"frozen_evaluation",NA,NA,NA,NA,NA,NA,NA,NA,NA,NA,TRUE,2,"frozen_before_evaluation"
"balanced_fgw",TRUE,"converged","",1,1,0.999999999999999,7.7715611723761e-16,7.7715611723761e-16,0,0,0.0262532301592978,0.090270117548173,0.98980627115228,0.042822207295293,0,0,4102,100,"none",0.02,100,100,TRUE,TRUE,"frozen_evaluation",NA,NA,NA,NA,NA,NA,NA,NA,NA,NA,TRUE,2,"frozen_before_evaluation"
"unbalanced_fugw",TRUE,"converged_stationary","",0.881379373054732,0.722898103389445,0.987568991607843,0.118620626945269,0.118620626945268,0.158481269665286,0.179810504432403,0.0460419911699002,0.156056759718608,0.96350984333707,0.0822942983023161,1.85173896699542e-09,0,4102,80,"crop",0.02,100,80,TRUE,FALSE,"frozen_evaluation",5,5,TRUE,0.157518608923978,0.268002428506063,0.445305721410832,0.98885096129442,TRUE,TRUE,TRUE,TRUE,2,"frozen_before_evaluation"
"balanced_fgw",TRUE,"converged","",1,0.731997571548735,1.00000000028265,6.66133814775094e-16,2.22044604925031e-16,0.268002428451264,0.268002428451264,0.104637838682988,0.293349370846541,0.867621338489305,0.152666423729487,0,0,4102,80,"crop",0.02,100,80,TRUE,TRUE,"frozen_evaluation",5,5,TRUE,0.157518608923978,0.268002428506063,0.445305721410832,0.98885096129442,TRUE,TRUE,TRUE,TRUE,2,"frozen_before_evaluation"
"unbalanced_fugw",TRUE,"converged_stationary","",0.891006979508523,0.616463226230682,0.980446756290823,0.108993020491478,0.108993020491477,0.274543753277842,0.308127500223712,0.0338279087134533,0.106373883473188,0.984792840673648,0.0545867293988707,2.38499698150199e-09,0,4102,60,"lesion",0.02,100,60,TRUE,FALSE,"frozen_evaluation",5,5,TRUE,0.274524547859852,0.371242525468311,0.554423761645932,0.980101535953021,TRUE,TRUE,TRUE,TRUE,2,"frozen_before_evaluation"
"balanced_fgw",TRUE,"converged","",1,0.628757474531689,1.00000000027175,0,0,0.371242525468311,0.37124252546831,0.0597200594755816,0.167572730015052,0.959598553634494,0.100103120386577,0,0,4102,60,"lesion",0.02,100,60,TRUE,TRUE,"frozen_evaluation",5,5,TRUE,0.274524547859852,0.371242525468311,0.554423761645932,0.980101535953021,TRUE,TRUE,TRUE,TRUE,2,"frozen_before_evaluation"
"unbalanced_fugw",TRUE,"converged_stationary","",0.7735441798209,0.39314152731703,1.26044433644045,0.2264558201791,0.226455820179099,0.38040265250387,0.491765903522078,0.0657397682723181,0.19295186528693,0.944561507951377,0.125967911128387,2.76521704631296e-09,0,4102,40,"crop_plus_lesion",0.02,100,40,TRUE,FALSE,"frozen_evaluation",5,5,TRUE,0.384960419547516,0.688092908357528,0.38229692682268,1.25277648915552,TRUE,TRUE,TRUE,TRUE,2,"frozen_before_evaluation"
"balanced_fgw",TRUE,"converged","",1,0.311907091621016,0.999999999522548,8.88178419700125e-16,2.22044604925031e-16,0.688092908378983,0.688092908378984,0.172198873012623,0.3828122652225,0.767688219597053,0.355386760329344,0,0,4102,40,"crop_plus_lesion",0.02,100,40,TRUE,TRUE,"frozen_evaluation",5,5,TRUE,0.384960419547516,0.688092908357528,0.38229692682268,1.25277648915552,TRUE,TRUE,TRUE,TRUE,2,"frozen_before_evaluation"
"unbalanced_fugw",TRUE,"converged_stationary","",0.911030953510619,0.911030953510619,0.911030953510618,0.0889690464893816,0.088969046489381,0,0,0.0250092864437401,0.0931597405660681,0.989703620606342,0.0472528999014951,5.30805686000456e-09,0,4103,100,"none",0.02,100,100,TRUE,FALSE,"frozen_evaluation",NA,NA,NA,NA,NA,NA,NA,NA,NA,NA,TRUE,2,"frozen_before_evaluation"
"balanced_fgw",TRUE,"converged","",1,1,1,4.44089209850063e-16,0,0,0,0.026000596938582,0.0889156515538502,0.990187645346625,0.0425923655897417,0,0,4103,100,"none",0.02,100,100,TRUE,TRUE,"frozen_evaluation",NA,NA,NA,NA,NA,NA,NA,NA,NA,NA,TRUE,2,"frozen_before_evaluation"
"unbalanced_fugw",TRUE,"converged_stationary","",0.88141371595699,0.724022376209321,0.989104888534134,0.11858628404301,0.118586284043009,0.157391339747669,0.178566928218019,0.0458982774276631,0.155711350654587,0.963720928914334,0.0812490780470114,1.51300221206349e-09,0,4103,80,"crop",0.02,100,80,TRUE,FALSE,"frozen_evaluation",5,5,TRUE,0.157518608923978,0.268002428506063,0.445305721410832,0.98885096129442,TRUE,TRUE,TRUE,TRUE,2,"frozen_before_evaluation"
"balanced_fgw",TRUE,"converged","",1,0.731997571528558,1.00000000025509,4.44089209850063e-16,0,0.268002428471442,0.268002428471442,0.104070002110454,0.296868806371586,0.864457032548199,0.147363671806054,0,0,4103,80,"crop",0.02,100,80,TRUE,TRUE,"frozen_evaluation",5,5,TRUE,0.157518608923978,0.268002428506063,0.445305721410832,0.98885096129442,TRUE,TRUE,TRUE,TRUE,2,"frozen_before_evaluation"
"unbalanced_fugw",TRUE,"converged_stationary","",0.890561093505867,0.616246166362987,0.980101535953021,0.109438906494133,0.109438906494132,0.27431492714288,0.308024827429846,0.0318453150633825,0.105750979370526,0.98505536484666,0.0519576412542965,1.81164849618379e-09,0,4103,60,"lesion",0.02,100,60,TRUE,FALSE,"frozen_evaluation",5,5,TRUE,0.274524547859852,0.371242525468311,0.554423761645932,0.980101535953021,TRUE,TRUE,TRUE,TRUE,2,"frozen_before_evaluation"
"balanced_fgw",TRUE,"converged","",1,0.628757474504862,1.00000000022908,0,0,0.371242525495139,0.371242525495139,0.0564735766172096,0.164062388392405,0.961614452661205,0.0955374255841223,0,0,4103,60,"lesion",0.02,100,60,TRUE,TRUE,"frozen_evaluation",5,5,TRUE,0.274524547859852,0.371242525468311,0.554423761645932,0.980101535953021,TRUE,TRUE,TRUE,TRUE,2,"frozen_before_evaluation"
"unbalanced_fugw",TRUE,"converged_stationary","",0.775203105931999,0.391391114202778,1.25483236684938,0.224796894068002,0.224796894068002,0.383811991729221,0.495111524698779,0.0704552221213802,0.203040316916898,0.93840486799696,0.127398676765217,1.79285423850943e-09,0,4103,40,"crop_plus_lesion",0.02,100,40,TRUE,FALSE,"frozen_evaluation",5,5,TRUE,0.384960419547516,0.688092908357528,0.38229692682268,1.25277648915552,TRUE,TRUE,TRUE,TRUE,2,"frozen_before_evaluation"
"balanced_fgw",TRUE,"converged","",1,0.311907091642472,0.999999999591337,7.7715611723761e-16,5.55111512312578e-16,0.688092908357528,0.688092908357528,0.17467506499541,0.382657079443747,0.768917507856955,0.353588572077003,0,0,4103,40,"crop_plus_lesion",0.02,100,40,TRUE,TRUE,"frozen_evaluation",5,5,TRUE,0.384960419547516,0.688092908357528,0.38229692682268,1.25277648915552,TRUE,TRUE,TRUE,TRUE,2,"frozen_before_evaluation"
"unbalanced_fugw",TRUE,"converged_stationary","",0.911166306487152,0.911166306487152,0.911166306487152,0.0888336935128483,0.0888336935128479,0,0,0.0254796718941079,0.093572302706789,0.989693913759259,0.0474325205117238,6.19544745249983e-09,0,4104,100,"none",0.02,100,100,TRUE,FALSE,"frozen_evaluation",NA,NA,NA,NA,NA,NA,NA,NA,NA,NA,TRUE,2,"frozen_before_evaluation"
"balanced_fgw",TRUE,"converged","",1,1,1,5.55111512312578e-16,1.11022302462516e-16,0,0,0.0256494060317209,0.089808378582587,0.989978056928493,0.0420274088182918,0,0,4104,100,"none",0.02,100,100,TRUE,TRUE,"frozen_evaluation",NA,NA,NA,NA,NA,NA,NA,NA,NA,NA,TRUE,2,"frozen_before_evaluation"
"unbalanced_fugw",TRUE,"converged_stationary","",0.880690958188713,0.724060525192573,0.989157004804385,0.119309041811288,0.119309041811287,0.15663043299614,0.177849484589096,0.0439052466904934,0.15188506630878,0.965429827636201,0.077443284942551,3.18642595185234e-09,0,4104,80,"crop",0.02,100,80,TRUE,FALSE,"frozen_evaluation",5,5,TRUE,0.157518608923978,0.268002428506063,0.445305721410832,0.98885096129442,TRUE,TRUE,TRUE,TRUE,2,"frozen_before_evaluation"
"balanced_fgw",TRUE,"converged","",1,0.731997571386936,1.00000000006162,7.7715611723761e-16,3.33066907387547e-16,0.268002428613064,0.268002428613064,0.102864991260702,0.288674751332219,0.872042248442636,0.142328518205494,0,0,4104,80,"crop",0.02,100,80,TRUE,TRUE,"frozen_evaluation",5,5,TRUE,0.157518608923978,0.268002428506063,0.445305721410832,0.98885096129442,TRUE,TRUE,TRUE,TRUE,2,"frozen_before_evaluation"
"unbalanced_fugw",TRUE,"converged_stationary","",0.890710091232525,0.616185543372673,0.98000511882434,0.109289908767476,0.109289908767475,0.274524547859852,0.308208642253033,0.0323342767389271,0.103223025068978,0.98572289384621,0.0524808596586105,8.4765992965484e-10,0,4104,60,"lesion",0.02,100,60,TRUE,FALSE,"frozen_evaluation",5,5,TRUE,0.274524547859852,0.371242525468311,0.554423761645932,0.980101535953021,TRUE,TRUE,TRUE,TRUE,2,"frozen_before_evaluation"
"balanced_fgw",TRUE,"converged","",1,0.628757474536852,1.00000000027996,6.66133814775094e-16,4.44089209850063e-16,0.371242525463148,0.371242525463148,0.0592170851565875,0.170978502678567,0.957913469742295,0.101166862941287,0,0,4104,60,"lesion",0.02,100,60,TRUE,TRUE,"frozen_evaluation",5,5,TRUE,0.274524547859852,0.371242525468311,0.554423761645932,0.980101535953021,TRUE,TRUE,TRUE,TRUE,2,"frozen_before_evaluation"
"unbalanced_fugw",TRUE,"converged_stationary","",0.775963417348803,0.390225020625166,1.2510937741454,0.224036582651197,0.224036582651197,0.385738396723638,0.49710899779473,0.065697732337441,0.187754216249299,0.947487469879352,0.119552504499915,1.38619819799117e-09,0,4104,40,"crop_plus_lesion",0.02,100,40,TRUE,FALSE,"frozen_evaluation",5,5,TRUE,0.384960419547516,0.688092908357528,0.38229692682268,1.25277648915552,TRUE,TRUE,TRUE,TRUE,2,"frozen_before_evaluation"
"balanced_fgw",TRUE,"converged","",1,0.311907091642874,0.999999999592626,9.99200722162641e-16,7.7715611723761e-16,0.688092908357125,0.688092908357126,0.173752961180581,0.383408631126411,0.769643554140498,0.345260753063541,0,0,4104,40,"crop_plus_lesion",0.02,100,40,TRUE,TRUE,"frozen_evaluation",5,5,TRUE,0.384960419547516,0.688092908357528,0.38229692682268,1.25277648915552,TRUE,TRUE,TRUE,TRUE,2,"frozen_before_evaluation"
"unbalanced_fugw",TRUE,"converged_stationary","",0.911038700156111,0.911038700156111,0.91103870015611,0.0889612998438897,0.088961299843889,0,0,0.0257858107833256,0.0940805666735704,0.989478948994341,0.0470709137261285,5.95351013697188e-09,0,4105,100,"none",0.02,100,100,TRUE,FALSE,"frozen_evaluation",NA,NA,NA,NA,NA,NA,NA,NA,NA,NA,TRUE,2,"frozen_before_evaluation"
"balanced_fgw",TRUE,"converged","",1,1,1,0,0,0,0,0.0258759018024342,0.090005810026573,0.989940224841348,0.042462407266045,0,0,4105,100,"none",0.02,100,100,TRUE,TRUE,"frozen_evaluation",NA,NA,NA,NA,NA,NA,NA,NA,NA,NA,TRUE,2,"frozen_before_evaluation"
"unbalanced_fugw",TRUE,"converged_stationary","",0.882382477275267,0.722347654426918,0.986817009655884,0.117617522724734,0.117617522724733,0.160034822848349,0.181366728113782,0.0459627027441414,0.160079613272224,0.961463495900053,0.081267990191189,3.88725145330565e-09,0,4105,80,"crop",0.02,100,80,TRUE,FALSE,"frozen_evaluation",5,5,TRUE,0.157518608923978,0.268002428506063,0.445305721410832,0.98885096129442,TRUE,TRUE,TRUE,TRUE,2,"frozen_before_evaluation"
"balanced_fgw",TRUE,"converged","",1,0.731997571493937,1.00000000020779,7.7715611723761e-16,1.11022302462516e-16,0.268002428506063,0.268002428506063,0.103136365405989,0.299141439731714,0.862889519645062,0.142640551402643,0,0,4105,80,"crop",0.02,100,80,TRUE,TRUE,"frozen_evaluation",5,5,TRUE,0.157518608923978,0.268002428506063,0.445305721410832,0.98885096129442,TRUE,TRUE,TRUE,TRUE,2,"frozen_before_evaluation"
"unbalanced_fugw",TRUE,"converged_stationary","",0.890828003672717,0.616933671179411,0.981194969978791,0.109171996327284,0.109171996327283,0.273894332493306,0.307460397926526,0.031638036303439,0.105996203670787,0.98506453660587,0.0520132365214985,1.80503385220959e-09,0,4105,60,"lesion",0.02,100,60,TRUE,FALSE,"frozen_evaluation",5,5,TRUE,0.274524547859852,0.371242525468311,0.554423761645932,0.980101535953021,TRUE,TRUE,TRUE,TRUE,2,"frozen_before_evaluation"
"balanced_fgw",TRUE,"converged","",1,0.628757474529708,1.0000000002686,0,0,0.371242525470293,0.371242525470293,0.0563186409386519,0.168236052394378,0.959456453642339,0.0974023733027478,0,0,4105,60,"lesion",0.02,100,60,TRUE,TRUE,"frozen_evaluation",5,5,TRUE,0.274524547859852,0.371242525468311,0.554423761645932,0.980101535953021,TRUE,TRUE,TRUE,TRUE,2,"frozen_before_evaluation"
"unbalanced_fugw",TRUE,"converged_stationary","",0.775710290917767,0.39074987137025,1.25277648915552,0.224289709082234,0.224289709082233,0.384960419547516,0.496268289920529,0.0664252230856765,0.193307539084111,0.94508667328177,0.121529682701772,2.28076574173459e-09,0,4105,40,"crop_plus_lesion",0.02,100,40,TRUE,FALSE,"frozen_evaluation",5,5,TRUE,0.384960419547516,0.688092908357528,0.38229692682268,1.25277648915552,TRUE,TRUE,TRUE,TRUE,2,"frozen_before_evaluation"
"balanced_fgw",TRUE,"converged","",1,0.311907091612148,0.999999999494116,6.66133814775094e-16,1.11022302462516e-16,0.688092908387852,0.688092908387852,0.170931796529794,0.38775185064482,0.766662848199102,0.352067323735599,0,0,4105,40,"crop_plus_lesion",0.02,100,40,TRUE,TRUE,"frozen_evaluation",5,5,TRUE,0.384960419547516,0.688092908357528,0.38229692682268,1.25277648915552,TRUE,TRUE,TRUE,TRUE,2,"frozen_before_evaluation"
