evidence_group,n_source,component,before_value,after_value,unit,improvement_percent,before_repetitions,after_repetitions,criterion,passed,before_artifact,after_artifact,admission
component_profile,1000,whole_fixed_work_solver,0.878,0.650,seconds,25.968109,3,5,at_least_15_percent_endpoint_improvement,TRUE,results/moment_fugw/kernel-before-n1000.csv,results/moment_fugw/kernel-fused-n1000.csv,candidate_source_tree
component_profile,1000,ti_native_sweeps,0.103,0.100,seconds,2.912621,3,5,profiled_component_no_individual_gate,TRUE,results/moment_fugw/kernel-before-n1000.csv,results/moment_fugw/kernel-fused-n1000.csv,candidate_source_tree
component_profile,1000,plan_statistics,0.048,0.041,seconds,14.583333,3,5,profiled_component_no_individual_gate,TRUE,results/moment_fugw/kernel-before-n1000.csv,results/moment_fugw/kernel-fused-n1000.csv,candidate_source_tree
component_profile,1000,moment_reduction,0.026,0.024,seconds,7.692308,3,5,profiled_component_no_individual_gate,TRUE,results/moment_fugw/kernel-before-n1000.csv,results/moment_fugw/kernel-fused-n1000.csv,candidate_source_tree
component_profile,1000,plan_difference,0.064,0.058,seconds,9.375000,3,5,profiled_component_no_individual_gate,TRUE,results/moment_fugw/kernel-before-n1000.csv,results/moment_fugw/kernel-fused-n1000.csv,candidate_source_tree
component_profile,1000,objective_recomputation,0.081,0.071,seconds,12.345679,3,5,profiled_component_no_individual_gate,TRUE,results/moment_fugw/kernel-before-n1000.csv,results/moment_fugw/kernel-fused-n1000.csv,candidate_source_tree
component_profile,1000,final_two_sided_kkt,0.130,0.120,seconds,7.692308,3,5,profiled_component_no_individual_gate,TRUE,results/moment_fugw/kernel-before-n1000.csv,results/moment_fugw/kernel-fused-n1000.csv,candidate_source_tree
component_profile,1000,apply_batch_10,0.027,0.025,seconds,7.407407,3,5,profiled_component_no_individual_gate,TRUE,results/moment_fugw/kernel-before-n1000.csv,results/moment_fugw/kernel-fused-n1000.csv,candidate_source_tree
component_profile,1000,adjoint_batch_10,0.026,0.026,seconds,0.000000,3,5,profiled_component_no_individual_gate,TRUE,results/moment_fugw/kernel-before-n1000.csv,results/moment_fugw/kernel-fused-n1000.csv,candidate_source_tree
component_profile,2000,whole_fixed_work_solver,3.564,2.511,seconds,29.545455,3,5,at_least_15_percent_endpoint_improvement,TRUE,results/moment_fugw/kernel-before-n2000.csv,results/moment_fugw/kernel-fused-n2000.csv,candidate_source_tree
component_profile,2000,ti_native_sweeps,0.421,0.377,seconds,10.451306,3,5,profiled_component_no_individual_gate,TRUE,results/moment_fugw/kernel-before-n2000.csv,results/moment_fugw/kernel-fused-n2000.csv,candidate_source_tree
component_profile,2000,plan_statistics,0.197,0.177,seconds,10.152284,3,5,profiled_component_no_individual_gate,TRUE,results/moment_fugw/kernel-before-n2000.csv,results/moment_fugw/kernel-fused-n2000.csv,candidate_source_tree
component_profile,2000,moment_reduction,0.105,0.092,seconds,12.380952,3,5,profiled_component_no_individual_gate,TRUE,results/moment_fugw/kernel-before-n2000.csv,results/moment_fugw/kernel-fused-n2000.csv,candidate_source_tree
component_profile,2000,plan_difference,0.252,0.225,seconds,10.714286,3,5,profiled_component_no_individual_gate,TRUE,results/moment_fugw/kernel-before-n2000.csv,results/moment_fugw/kernel-fused-n2000.csv,candidate_source_tree
component_profile,2000,objective_recomputation,0.326,0.277,seconds,15.030675,3,5,profiled_component_no_individual_gate,TRUE,results/moment_fugw/kernel-before-n2000.csv,results/moment_fugw/kernel-fused-n2000.csv,candidate_source_tree
component_profile,2000,final_two_sided_kkt,0.514,0.495,seconds,3.696498,3,5,profiled_component_no_individual_gate,TRUE,results/moment_fugw/kernel-before-n2000.csv,results/moment_fugw/kernel-fused-n2000.csv,candidate_source_tree
component_profile,2000,apply_batch_10,0.105,0.100,seconds,4.761905,3,5,profiled_component_no_individual_gate,TRUE,results/moment_fugw/kernel-before-n2000.csv,results/moment_fugw/kernel-fused-n2000.csv,candidate_source_tree
component_profile,2000,adjoint_batch_10,0.109,0.098,seconds,10.091743,3,5,profiled_component_no_individual_gate,TRUE,results/moment_fugw/kernel-before-n2000.csv,results/moment_fugw/kernel-fused-n2000.csv,candidate_source_tree
fresh_process_scaling,625,whole_fixed_work_solver,0.655,0.566,seconds,13.587786,3,3,no_more_than_5_percent_small_endpoint_regression,TRUE,moment-fugw-candidate-scaling-evidence.csv,results/moment_fugw/kernel-after-rss,candidate_source_tree
fresh_process_scaling,1250,whole_fixed_work_solver,1.698,1.299,seconds,23.498233,3,3,no_more_than_5_percent_small_endpoint_regression,TRUE,moment-fugw-candidate-scaling-evidence.csv,results/moment_fugw/kernel-after-rss,candidate_source_tree
fresh_process_scaling,2500,whole_fixed_work_solver,5.917,4.297,seconds,27.378739,3,3,no_more_than_5_percent_retained_endpoint_regression,TRUE,moment-fugw-candidate-scaling-evidence.csv,results/moment_fugw/kernel-after-rss,candidate_source_tree
fresh_process_scaling,5000,whole_fixed_work_solver,22.133,16.358,seconds,26.092260,3,3,no_more_than_5_percent_retained_endpoint_regression,TRUE,moment-fugw-candidate-scaling-evidence.csv,results/moment_fugw/kernel-after-rss,candidate_source_tree
fresh_process_rss,625,peak_rss,283262976,211222528,bytes,25.432364,3,3,no_peak_rss_regression,TRUE,moment-fugw-candidate-scaling-evidence.csv,results/moment_fugw/kernel-after-rss,candidate_source_tree
fresh_process_rss,1250,peak_rss,393314304,221921280,bytes,43.576607,3,3,no_peak_rss_regression,TRUE,moment-fugw-candidate-scaling-evidence.csv,results/moment_fugw/kernel-after-rss,candidate_source_tree
fresh_process_rss,2500,peak_rss,1247543296,397443072,bytes,68.141937,3,3,no_peak_rss_regression,TRUE,moment-fugw-candidate-scaling-evidence.csv,results/moment_fugw/kernel-after-rss,candidate_source_tree
fresh_process_rss,5000,peak_rss,1535475712,1025490944,bytes,33.213472,3,3,no_peak_rss_regression,TRUE,moment-fugw-candidate-scaling-evidence.csv,results/moment_fugw/kernel-after-rss,candidate_source_tree
