landmark_index,full_vertex_id,x,y,z,weight
1,33019,0x1.76a3380c37d79p-2,-0x1.a9bd54da35bf1p-3,0x1.eeaef490d6d88p-1,0x1.16ebd73963144p-4
2,20311,0x1.d8959ab4aaf28p-3,0x1.8ee24548393e3p+0,-0x1.6738a071a3037p-1,0x1.327e17ea43addp-4
3,3307,-0x1.7ed3bdec95a6p-2,-0x1.cea13130c7c51p-2,-0x1.916accc6d221p-1,0x1.21c1df12370e6p-4
4,33793,0x1.69530874c9877p-2,-0x1.4ab933738afaap+0,0x1.f796aa537ee7p-3,0x1.2cc92a9bc927ep-4
5,14499,-0x1.151cec8d6e7ebp-1,0x1.344efd7f8154fp-1,0x1.c7d44ad57b4e8p-4,0x1.0867a424b6e16p-4
6,28148,0x1.09586c5d247ecp-1,-0x1.24ea5993575acp-3,-0x1.444df82ee209bp-4,0x1.345e051d767f8p-5
7,13716,0x1.e138f21994138p-2,0x1.1452d88dd08abp+0,0x1.08badb6eba0aap-1,0x1.8bf33a3e8197dp-5
8,16087,-0x1.04459ca710f49p-1,-0x1.2b9bcd4ac783dp-1,0x1.54b68a8e1451p-2,0x1.60b611e96ed7ep-4
9,7022,-0x1.2a75a65010f21p-6,0x1.1fe3a11afc43bp-2,-0x1.9afb36247f3f4p-1,0x1.7069ac24e1af1p-4
10,37339,0x1.1c875556c7747p-1,0x1.9d597e2bbe5bep-1,-0x1.cec592a53afe6p-3,0x1.11f99d71b840fp-5
11,18911,-0x1.ad6977462313cp-5,-0x1.2b775ec6b0db9p+0,-0x1.5801aa9ef8de4p-1,0x1.3a975ac913fb7p-4
12,29768,0x1.9cd0f39c3381ep-5,0x1.989ec6551bc48p-2,0x1.477c065e2438bp-1,0x1.bd706001a10e2p-5
13,28011,0x1.50851eb686aeep-2,-0x1.15023c42f7168p-1,0x1.8aba87cb40bdap-2,0x1.f0d85c830a94fp-5
14,11801,-0x1.1bc0ad66a8acbp-2,0x1.2b29419409461p+0,0x1.549daa1c23a71p-4,0x1.bd556327ba0bap-5
15,38101,-0x1.3e9f13ebbe9b3p-1,0x1.6d54633170bc8p-2,-0x1.626c466024af6p-2,0x1.43fae9c98104p-4
16,6313,0x1.181961281e45cp-1,0x1.dc9ebd41d5388p-2,0x1.80bd514ccf073p-2,0x1.c3f388aec670ep-6
