"seed","n_source","n_target","same_final_contract","final_epsilon","final_feature_weight","final_structure_weight","final_rho_source","final_rho_target","final_outer_tolerance","final_inner_tolerance","final_outer_iteration_limit","final_inner_iteration_limit","final_block_size","final_support","cold_status","transfer_status","cold_certified","transfer_final_certified","transfer_multiscale_certified","cold_outer_iterations","transfer_fine_outer_iterations","cold_inner_iterations","transfer_fine_inner_iterations","inner_iteration_reduction","cold_objective","transfer_objective","objective_relative_difference","cold_heldout_score","transfer_heldout_score","heldout_score_ratio","plan_action_relative_difference","cold_plan_residual","transfer_plan_residual","cold_moment_residual","transfer_moment_residual","cold_inner_residual","transfer_inner_residual","improved_fraction","median_inner_iteration_reduction","efficacy_gate"
1701,24,24,TRUE,0.06,0.7,1,8,8,1e-08,1e-10,80,5000,16,"full_implicit","converged_stationary","converged_stationary",TRUE,TRUE,TRUE,4,4,3329,2145,0.35566236106939,0.376516174883656,0.376516174883661,5.77315972805081e-15,0.997959840309459,0.997959840311036,1.00000000000158,1.45809930319026e-10,4.16152253009491e-09,8.84415461386805e-11,4.16883882969898e-09,2.96358937390551e-10,5.85689261380516e-09,1.59456892134813e-09,1,0.34575068713459,TRUE
1702,24,24,TRUE,0.06,0.7,1,8,8,1e-08,1e-10,80,5000,16,"full_implicit","converged_stationary","converged_stationary",TRUE,TRUE,TRUE,4,4,3278,2151,0.343807199511898,0.376513513100372,0.376513513100373,9.99200722162641e-16,0.997958730698056,0.9979587306953,0.999999999997238,1.69098664948945e-10,4.16710210838649e-09,8.77645334928696e-11,4.17649304029766e-09,2.96965563251206e-10,5.73845688368071e-09,1.60374113988837e-09,1,0.34575068713459,TRUE
1703,24,24,TRUE,0.06,0.7,1,8,8,1e-08,1e-10,80,5000,16,"full_implicit","converged_stationary","converged_stationary",TRUE,TRUE,TRUE,4,4,3251,2138,0.342356198092895,0.37651173596746,0.376511735967455,-5.49560397189452e-15,0.997966686417767,0.997966686419997,1.00000000000223,1.3766300771542e-10,4.14185983781118e-09,8.78832657726875e-11,4.15162637601441e-09,2.95321544996341e-10,5.87238804132482e-09,1.5977823508706e-09,1,0.34575068713459,TRUE
1704,24,24,TRUE,0.06,0.7,1,8,8,1e-08,1e-10,80,5000,16,"full_implicit","converged_stationary","converged_stationary",TRUE,TRUE,TRUE,4,4,3215,2059,0.359564541213064,0.376514143709443,0.376514143709433,-9.49240686054509e-15,0.997970494403512,0.997970494404657,1.00000000000115,1.98615216696651e-10,4.13662089183106e-09,8.80354021310729e-11,4.14473599885667e-09,2.95011126638656e-10,5.27808803075421e-09,1.60335122956212e-09,1,0.34575068713459,TRUE
1705,24,24,TRUE,0.06,0.7,1,8,8,1e-08,1e-10,80,5000,16,"full_implicit","converged_stationary","converged_stationary",TRUE,TRUE,TRUE,4,4,3296,2150,0.347694174757282,0.376518760446605,0.376518760446601,-4.2188474935756e-15,0.99797161960183,0.997971619600468,0.999999999998635,1.82881523658386e-10,4.13426074259847e-09,8.78768993233871e-11,4.14203371601474e-09,2.9487967623254e-10,5.83423844560286e-09,1.70049599048167e-09,1,0.34575068713459,TRUE
1706,24,24,TRUE,0.06,0.7,1,8,8,1e-08,1e-10,80,5000,16,"full_implicit","converged_stationary","converged_stationary",TRUE,TRUE,TRUE,4,4,3338,2217,0.335829838226483,0.376520942300973,0.376520942300983,9.82547376793264e-15,0.997972226905505,0.997972226908317,1.00000000000282,1.14066204358335e-10,4.12496080069228e-09,8.80859315498801e-11,4.13189049641716e-09,2.94017477031616e-10,5.84421495948136e-09,1.60782187563768e-09,1,0.34575068713459,TRUE
1707,24,24,TRUE,0.06,0.7,1,8,8,1e-08,1e-10,80,5000,16,"full_implicit","converged_stationary","converged_stationary",TRUE,TRUE,TRUE,4,4,3302,2096,0.365233192004845,0.376513669099779,0.376513669099765,-1.4432899320127e-14,0.997977136951485,0.997977136951919,1.00000000000044,1.58274206830131e-10,4.11364490146573e-09,8.8430934551059e-11,4.12072109767792e-09,2.93069346568586e-10,5.28103156976718e-09,1.59469948357582e-09,1,0.34575068713459,TRUE
1708,24,24,TRUE,0.06,0.7,1,8,8,1e-08,1e-10,80,5000,16,"full_implicit","converged_stationary","converged_stationary",TRUE,TRUE,TRUE,4,4,3368,2235,0.336401425178147,0.376516914145047,0.376516914145043,-3.94129173741931e-15,0.997962709360048,0.997962709364498,1.00000000000446,1.28970096695764e-10,4.15272813540682e-09,8.82596625358334e-11,4.16078405063303e-09,2.95800828276072e-10,5.70334084043224e-09,1.59021640300239e-09,1,0.34575068713459,TRUE
1709,24,24,TRUE,0.06,0.7,1,8,8,1e-08,1e-10,80,5000,16,"full_implicit","converged_stationary","converged_stationary",TRUE,TRUE,TRUE,4,4,3298,2168,0.342631898120073,0.376514488712555,0.376514488712557,1.99840144432528e-15,0.997977175686221,0.997977175684153,0.999999999997928,1.39094310564649e-10,4.11587181791997e-09,8.6642666770151e-11,4.12557110696099e-09,2.93624013991689e-10,5.38381649671781e-09,1.59218105366676e-09,1,0.34575068713459,TRUE
1710,24,24,TRUE,0.06,0.7,1,8,8,1e-08,1e-10,80,5000,16,"full_implicit","converged_stationary","converged_stationary",TRUE,TRUE,TRUE,4,4,3303,2131,0.354828943384802,0.376508858992739,0.376508858992744,4.55191440096314e-15,0.997957150062163,0.997957150065514,1.00000000000336,1.35727190372628e-10,4.16856031271019e-09,8.90255265809491e-11,4.17731182977832e-09,2.9709334992134e-10,5.89576089142686e-09,1.60255719805491e-09,1,0.34575068713459,TRUE
