landmark_index,d1,d2,d3,d4,d5,d6,d7,d8,d9,d10,d11,d12,d13,d14,d15,d16
1,0x0p+0,0x1.be577d900b22cp+1,0x1.e2e2ecbdd00bp+1,0x1.0fd26bd15a198p+1,0x1.f927550c00816p+0,0x1.0627063642e9fp+1,0x1.c80cef2afa504p+0,0x1.114931c53cf1ep+1,0x1.a8ece419f884cp+1,0x1.2f2dea79efe7cp+1,0x1.cbafe3b690188p+1,0x1.1a08715cca5f8p+0,0x1.62bcc4bb7ea4dp+0,0x1.347841046a92p+1,0x1.ac3a8fe14e0adp+1,0x1.a3d5568c188a3p+0
2,0x1.be577d900b22dp+1,0x0p+0,0x1.9227dcea92c4fp+1,0x1.11a6f1d9660f3p+2,0x1.1b39a375f3214p+1,0x1.3158e556fb691p+1,0x1.e0e00821cdb6ep+0,0x1.d0b9dbd578cbap+1,0x1.979d5f025068fp+0,0x1.8960d49b6af3p+0,0x1.d86bcdadbe018p+1,0x1.41177a4e2c195p+1,0x1.a658572dc6b13p+1,0x1.4c041584ba0a8p+0,0x1.41eeb8c03396p+1,0x1.1ce14e604fc64p+1
3,0x1.e2e2ecbdd00aep+1,0x1.9227dcea92c4ep+1,0x0p+0,0x1.1c767a6e82a15p+1,0x1.b87f82e37d4ebp+1,0x1.1bb3e3663d6fbp+1,0x1.f17fe92d5bbcbp+1,0x1.ddfe9a2c9a7abp+0,0x1.af5b16b798615p+0,0x1.91c3aaf009df9p+1,0x1.005e2fdb0d4bp+0,0x1.121ee96f02eedp+2,0x1.5faaefa98d87cp+1,0x1.d6081277c75c4p+1,0x1.9a63a12d9aa31p+0,0x1.916128cac7272p+1
4,0x1.0fd26bd15a19bp+1,0x1.11a6f1d9660eep+2,0x1.1c767a6e82a16p+1,0x0p+0,0x1.a4390368fa895p+1,0x1.09df26b4f24dap+1,0x1.9a3f9f4b4075p+1,0x1.e2b5c7505c46p+0,0x1.7a931320b9feep+1,0x1.8544af740a662p+1,0x1.81a092cee30b1p+0,0x1.95470fd04338ap+1,0x1.51556200b8226p+0,0x1.12dcaff02e8eap+2,0x1.7b7e16a20d78p+1,0x1.40cff15148d51p+1
5,0x1.f927550c00819p+0,0x1.1b39a375f3214p+1,0x1.b87f82e37d4ecp+1,0x1.a4390368fa897p+1,0x0p+0,0x1.c12ebb52413d9p+1,0x1.3c12fa4d8b49p+1,0x1.c41d7af588488p+0,0x1.1e7da4512e9a3p+1,0x1.a28e631ed34fdp+1,0x1.c44f51d52cdf4p+1,0x1.46bd992ee1bdp+0,0x1.98cf5867e7d6cp+1,0x1.17ef548bad5fp+0,0x1.1d6555657e22dp+1,0x1.7d276de7030fbp+1
6,0x1.0627063642e9fp+1,0x1.3158e556fb694p+1,0x1.1bb3e3663d6f8p+1,0x1.09df26b4f24dap+1,0x1.c12ebb52413d7p+1,0x0p+0,0x1.b5c894be616d5p+0,0x1.a088142687a59p+1,0x1.4d214aa9adedbp+0,0x1.f77755ec2b43ap-1,0x1.f030a86dc6275p+0,0x1.499fdaed4efc6p+1,0x1.0b1e43a0b6d42p+0,0x1.9f57fcea4f29cp+1,0x1.5cbe78e925417p+1,0x1.d6e1e84f2e3acp-1
7,0x1.c80cef2afa503p+0,0x1.e0e00821cdb6fp+0,0x1.f17fe92d5bbccp+1,0x1.9a3f9f4b40751p+1,0x1.3c12fa4d8b49p+1,0x1.b5c894be616d4p+0,0x0p+0,0x1.ee0c15c79263p+1,0x1.52a039c4461c3p+1,0x1.1c491480a3e76p+0,0x1.cde459fe0160ep+1,0x1.4fc3afb29c0f9p+0,0x1.f91135e9a1223p+0,0x1.96dfa2928b3fdp+0,0x1.deb46acfd47bep+1,0x1.b28c6fa2493cbp-1
8,0x1.114931c53cf1cp+1,0x1.d0b9dbd578cb5p+1,0x1.ddfe9a2c9a7adp+0,0x1.e2b5c7505c45fp+0,0x1.c41d7af588488p+0,0x1.a088142687a5ep+1,0x1.ee0c15c79262ep+1,0x0p+0,0x1.55b46428d5411p+1,0x1.ed1c75a79825ep+1,0x1.cc0491cd39f22p+0,0x1.462a3dee445b1p+1,0x1.22c1e869784fap+1,0x1.6326cd448b1c9p+1,0x1.9d5a2b448ab7bp+0,0x1.ad3bb6c85a96p+1
9,0x1.a8ece419f884cp+1,0x1.979d5f025068dp+0,0x1.af5b16b798611p+0,0x1.7a931320b9ffp+1,0x1.1e7da4512e99fp+1,0x1.4d214aa9adedbp+0,0x1.52a039c4461c2p+1,0x1.55b46428d5413p+1,0x0p+0,0x1.92ec1236ba232p+0,0x1.176e1f0aa7071p+1,0x1.a59a7efd304a2p+1,0x1.1961e828975b2p+1,0x1.0ffface8e0c88p+1,0x1.741ac3d0253c1p+0,0x1.087e0b1c5d11bp+1
10,0x1.2f2dea79efe7ap+1,0x1.8960d49b6af3p+0,0x1.91c3aaf009df7p+1,0x1.8544af740a665p+1,0x1.a28e631ed34fbp+1,0x1.f77755ec2b439p-1,0x1.1c491480a3e75p+0,0x1.ed1c75a798263p+1,0x1.92ec1236ba233p+0,0x0p+0,0x1.6e281bc0af836p+1,0x1.1df05ac396fcdp+1,0x1.d0c630e4fbcacp+0,0x1.32c2365f2cccdp+1,0x1.558a3a26eb718p+1,0x1.9c71a8bc3265bp-1
11,0x1.cbafe3b690189p+1,0x1.d86bcdadbe01ap+1,0x1.005e2fdb0d4bp+0,0x1.81a092cee30b5p+0,0x1.c44f51d52cdf3p+1,0x1.f030a86dc6275p+0,0x1.cde459fe0160bp+1,0x1.cc0491cd39f23p+0,0x1.176e1f0aa707p+1,0x1.6e281bc0af838p+1,0x0p+0,0x1.14403883cd3b2p+2,0x1.3c0f607a332bcp+1,0x1.0e26019d794c6p+2,0x1.24f601b6a24d9p+1,0x1.6dc5999b6ccb2p+1
12,0x1.1a08715cca5f8p+0,0x1.41177a4e2c195p+1,0x1.121ee96f02eeap+2,0x1.95470fd04338ap+1,0x1.46bd992ee1bdp+0,0x1.499fdaed4efc8p+1,0x1.4fc3afb29c0fap+0,0x1.462a3dee445aep+1,0x1.a59a7efd304a2p+1,0x1.1df05ac396fdp+1,0x1.14403883cd3b2p+2,0x0p+0,0x1.31ac8de79947p+1,0x1.6d902926a21e2p+0,0x1.b39dcb3bc34f6p+1,0x1.be00f4b8cdcd1p+0
13,0x1.62bcc4bb7ea4cp+0,0x1.a658572dc6b17p+1,0x1.5faaefa98d87ap+1,0x1.51556200b8226p+0,0x1.98cf5867e7d68p+1,0x1.0b1e43a0b6d43p+0,0x1.f91135e9a1223p+0,0x1.22c1e869784f5p+1,0x1.1961e828975b1p+1,0x1.d0c630e4fbcadp+0,0x1.3c0f607a332bcp+1,0x1.31ac8de799473p+1,0x0p+0,0x1.b96f225342b56p+1,0x1.d36f4a10a9f8dp+1,0x1.316cd8b5b5398p+0
14,0x1.347841046a922p+1,0x1.4c041584ba0a7p+0,0x1.d6081277c75c1p+1,0x1.12dcaff02e8edp+2,0x1.17ef548bad5eep+0,0x1.9f57fcea4f29fp+1,0x1.96dfa2928b3fdp+0,0x1.6326cd448b1cbp+1,0x1.0ffface8e0c88p+1,0x1.32c2365f2cccdp+1,0x1.0e26019d794c6p+2,0x1.6d902926a21e2p+0,0x1.b96f225342b55p+1,0x0p+0,0x1.4dc212678e943p+1,0x1.2d8fef35a9bfdp+1
15,0x1.ac3a8fe14e0b1p+1,0x1.41eeb8c03396p+1,0x1.9a63a12d9aa2fp+0,0x1.7b7e16a20d784p+1,0x1.1d6555657e22fp+1,0x1.5cbe78e925415p+1,0x1.deb46acfd47c1p+1,0x1.9d5a2b448ab7dp+0,0x1.741ac3d0253bfp+0,0x1.558a3a26eb717p+1,0x1.24f601b6a24dap+1,0x1.b39dcb3bc34f7p+1,0x1.d36f4a10a9f91p+1,0x1.4dc212678e944p+1,0x0p+0,0x1.94923c27eb71cp+1
16,0x1.a3d5568c188a3p+0,0x1.1ce14e604fc61p+1,0x1.916128cac7272p+1,0x1.40cff15148d51p+1,0x1.7d276de7030fap+1,0x1.d6e1e84f2e3abp-1,0x1.b28c6fa2493cap-1,0x1.ad3bb6c85a95cp+1,0x1.087e0b1c5d11cp+1,0x1.9c71a8bc3265bp-1,0x1.6dc5999b6ccb1p+1,0x1.be00f4b8cdcd2p+0,0x1.316cd8b5b5397p+0,0x1.2d8fef35a9bfep+1,0x1.94923c27eb719p+1,0x0p+0
