family,dimension,path,comparison,scope,maturity
balanced_linear_ot,backend,sinkhorn,exact_lp,pr,flagship
balanced_linear_ot,backend,exact_lp,sinkhorn,pr,flagship
sinkhorn_divergence,objective,debiased_three_solve,cross_and_self_certificates,pr,supported
partial_linear_ot,regularization,exact,entropic,pr,supported
partial_linear_ot,regularization,entropic,exact,pr,supported
penalized_partial_ot,mass_policy,variable_mass,fixed_mass,pr,supported
kl_uot,backend,scaling,log,pr,flagship
kl_uot,backend,log,scaling,pr,flagship
ti_kl_uot,representation,implicit,dense,pr,supported
ti_kl_uot,representation,sparse_edges,dense,nightly,supported
wasserstein_summary,formulation,exact,entropic_plan,pr,supported
fixed_support_barycenter,formulation,exact_joint_lp,regularized,pr,supported
fixed_support_barycenter,formulation,regularized,exact_joint_lp,nightly,supported
balanced_fgw,symmetry,symmetric,general,pr,flagship
balanced_fgw,symmetry,general,symmetric,pr,flagship
balanced_fgw,regularization,exact,entropic,pr,flagship
balanced_fgw,regularization,entropic,exact,pr,flagship
balanced_fgw,sinkhorn,scaling,log,pr,flagship
balanced_fgw,sinkhorn,log,scaling,pr,flagship
balanced_fgw,sinkhorn,auto,log,pr,flagship
balanced_fgw,precision,mixed,double,pr,flagship
balanced_fgw,precision,double,strict_double,pr,flagship
balanced_fgw,precision,strict_double,double,pr,flagship
balanced_fgw,start,cold,warm,pr,flagship
balanced_fgw,start,warm,cold,pr,flagship
balanced_fgw,kernel,float,double,pr,flagship
balanced_fgw,kernel,double,float,pr,flagship
balanced_fgw,adapter,native,pot,pr,flagship
balanced_fgw,adapter,pot,native,pr,flagship
balanced_fgw,approximation,dense,lowrank,nightly,flagship
partial_fgw,regularization,exact,entropic,pr,supported
partial_fgw,backend,cpp_transport,lpSolve,nightly,supported
partial_fgw,start,cold,warm,pr,supported
penalized_partial_fgw,mass_policy,variable_mass,fixed_mass_limit,pr,supported
semirelaxed_fgw,backend,cpp,r,pr,supported
semirelaxed_fgw,symmetry,symmetric,general,pr,supported
fugw,precision,mixed,double,nightly,flagship
fugw,start,cold,warm,pr,flagship
matrix_free_fugw,formulation,factorized,dense_oracle,pr,experimental
matrix_free_fugw,representation,implicit,dense_opt_in,pr,experimental
matrix_free_fugw,scale,one_level,multiscale,pr,experimental
ucoot,formulation,joint,independent,pr,supported
barycenter,formulation,gromov,fused,pr,supported
multialign,threading,serial,threaded,pr,supported
multialign,threading,threaded,serial,pr,supported
sampled_gw,approximation,tiny_budget,full_budget,pr,experimental
sampled_gw,input,dense,coordinates,nightly,experimental
sampled_gw,input,coordinates,graph,nightly,experimental
lowrank_gw,approximation,low_rank,full_rank,pr,experimental
